﻿{"cameraMode":{"drawMode":0,"name":"Shaded","section":"Shading Mode"},"sceneLighting":true,"audioPlay":false,"sceneViewState":{"showFog":false,"showMaterialUpdate":false,"showSkybox":false,"showFlares":false,"showImageEffects":true,"showParticleSystems":true},"in2DMode":false,"pivot":{"x":0.15827441215515138,"y":-20.756484985351564,"z":47.44853210449219},"rotation":{"x":-0.2638305425643921,"y":0.008689513429999352,"z":-0.0023768111132085325,"w":-0.9645270109176636},"size":75.33277893066406,"orthographic":false}